{
  "Logistic Regression": {
    "train_sizes": [
      39,
      62,
      84,
      107,
      130,
      152,
      175,
      198
    ],
    "train_mean": [
      0.7698597055118794,
      0.6301233425453505,
      0.6233247145011851,
      0.5300919250180245,
      0.46632127164871734,
      0.45377305745932117,
      0.4375119787334631,
      0.4593786033156112
    ],
    "train_std": [
      0.056298472328912844,
      0.0697830626315522,
      0.0590755913892247,
      0.03832149302893028,
      0.046802323020841016,
      0.051905767346900944,
      0.04430909075931075,
      0.0318138580855232
    ],
    "test_mean": [
      0.336534474465509,
      0.40421301446051167,
      0.37235231561607274,
      0.33301311221222235,
      0.3207683982683983,
      0.32853748779205166,
      0.37130952380952376,
      0.40688810006761333
    ],
    "test_std": [
      0.06276632666523835,
      0.07174682140229877,
      0.13227060062500298,
      0.10766489709819822,
      0.08864469089638131,
      0.08384432879830014,
      0.14245200488636559,
      0.15041889663158212
    ]
  },
  "Random Forest": {
    "train_sizes": [
      39,
      62,
      84,
      107,
      130,
      152,
      175,
      198
    ],
    "train_mean": [
      1.0,
      1.0,
      1.0,
      1.0,
      1.0,
      1.0,
      1.0,
      1.0
    ],
    "train_std": [
      0.0,
      0.0,
      0.0,
      0.0,
      0.0,
      0.0,
      0.0,
      0.0
    ],
    "test_mean": [
      0.08214285714285714,
      0.05523809523809524,
      0.1141025641025641,
      0.03333333333333333,
      0.0,
      0.0,
      0.0,
      0.0
    ],
    "test_std": [
      0.11271238455756785,
      0.06771957651288067,
      0.09884274496100709,
      0.06666666666666667,
      0.0,
      0.0,
      0.0,
      0.0
    ]
  }
}