{"accuracy": [0.3737373650074005, 0.4343434274196625, 0.4545454680919647, 0.5353535413742065, 0.5202020406723022, 0.5353535413742065, 0.5656565427780151, 0.6060606241226196, 0.6212121248245239, 0.6616161465644836, 0.6515151262283325, 0.7020202279090881, 0.6868686676025391, 0.6969696879386902, 0.6616161465644836, 0.7828282713890076, 0.752525269985199, 0.7626262903213501, 0.7373737096786499, 0.7929292917251587, 0.8181818127632141, 0.7979797720909119, 0.8484848737716675, 0.808080792427063, 0.808080792427063, 0.8535353541374207, 0.8232323527336121, 0.8535353541374207, 0.8737373948097229, 0.8333333134651184, 0.8787878751754761, 0.8838383555412292, 0.8888888955116272, 0.8787878751754761, 0.8838383555412292, 0.8484848737716675, 0.8989899158477783, 0.8888888955116272, 0.9242424368858337, 0.9040403962135315, 0.8838383555412292, 0.8939393758773804, 0.9242424368858337, 0.9141414165496826, 0.9040403962135315, 0.9343434572219849, 0.9191918969154358, 0.9141414165496826, 0.9242424368858337, 0.8939393758773804], "loss": [2.2232604026794434, 2.0265016555786133, 1.9374574422836304, 1.8827112913131714, 1.842178225517273, 1.8299517631530762, 1.7938206195831299, 1.6738847494125366, 1.6888258457183838, 1.637705683708191, 1.6540554761886597, 1.543406367301941, 1.529502034187317, 1.520313024520874, 1.5869678258895874, 1.403961181640625, 1.4464402198791504, 1.4444963932037354, 1.3708090782165527, 1.3754913806915283, 1.330328106880188, 1.3236709833145142, 1.259057879447937, 1.3040651082992554, 1.3026611804962158, 1.245923399925232, 1.2493869066238403, 1.2114794254302979, 1.2199198007583618, 1.2600551843643188, 1.1209545135498047, 1.063760757446289, 1.0670338869094849, 1.0987122058868408, 1.0301872491836548, 1.058876872062683, 0.9826409220695496, 1.07248854637146, 0.9710333347320557, 0.9502992033958435, 1.0176022052764893, 0.992493748664856, 0.9694734811782837, 0.9092425107955933, 0.9214240908622742, 0.8873094320297241, 0.8760343790054321, 0.9133607745170593, 0.846778929233551, 0.9440134167671204], "val_accuracy": [0.4399999976158142, 0.5799999833106995, 0.6200000047683716, 0.6800000071525574, 0.699999988079071, 0.7599999904632568, 0.7799999713897705, 0.7400000095367432, 0.7799999713897705, 0.699999988079071, 0.699999988079071, 0.7200000286102295, 0.6800000071525574, 0.699999988079071, 0.699999988079071, 0.7400000095367432, 0.7400000095367432, 0.7200000286102295, 0.699999988079071, 0.699999988079071, 0.7400000095367432, 0.7400000095367432, 0.7400000095367432, 0.6600000262260437, 0.6600000262260437, 0.6800000071525574, 0.699999988079071, 0.7200000286102295, 0.6800000071525574, 0.6600000262260437, 0.699999988079071, 0.7400000095367432, 0.7599999904632568, 0.7599999904632568, 0.699999988079071, 0.6800000071525574, 0.6800000071525574, 0.6800000071525574, 0.7200000286102295, 0.7200000286102295, 0.6600000262260437, 0.6200000047683716, 0.6200000047683716, 0.699999988079071, 0.699999988079071, 0.6800000071525574, 0.6600000262260437, 0.6600000262260437, 0.5799999833106995, 0.5799999833106995], "val_loss": [1.5410209894180298, 1.5277022123336792, 1.5080304145812988, 1.4902119636535645, 1.4764524698257446, 1.4649866819381714, 1.4534149169921875, 1.4468474388122559, 1.4392828941345215, 1.4279065132141113, 1.4219021797180176, 1.4142029285430908, 1.3982479572296143, 1.3810293674468994, 1.3672630786895752, 1.3463870286941528, 1.330075740814209, 1.3282325267791748, 1.3202025890350342, 1.3083399534225464, 1.2929768562316895, 1.2753057479858398, 1.2772738933563232, 1.2892903089523315, 1.2884238958358765, 1.2616084814071655, 1.245453953742981, 1.2097833156585693, 1.2095733880996704, 1.2216880321502686, 1.1997700929641724, 1.168311595916748, 1.1736663579940796, 1.1582856178283691, 1.1543456315994263, 1.14127516746521, 1.1294530630111694, 1.1655570268630981, 1.1491657495498657, 1.1685847043991089, 1.2169474363327026, 1.2128715515136719, 1.1984753608703613, 1.1859221458435059, 1.1568324565887451, 1.1792945861816406, 1.2627301216125488, 1.201086163520813, 1.3643471002578735, 1.3504974842071533]}