{
  "Baseline (Majority)": {
    "accuracy": 0.78,
    "precision": 0.0,
    "recall": 0.0,
    "f1": 0.0,
    "roc_auc": 0.5,
    "avg_precision": 0.22,
    "confusion_matrix": [
      [
        39,
        0
      ],
      [
        11,
        0
      ]
    ],
    "fpr": [
      0.0,
      1.0
    ],
    "tpr": [
      0.0,
      1.0
    ],
    "pr_precision": [
      0.22,
      1.0
    ],
    "pr_recall": [
      1.0,
      0.0
    ],
    "accuracy_ci": [
      0.66,
      0.88
    ],
    "precision_ci": [
      0.0,
      0.0
    ],
    "recall_ci": [
      0.0,
      0.0
    ],
    "f1_ci": [
      0.0,
      0.0
    ]
  },
  "Logistic Regression": {
    "accuracy": 0.64,
    "precision": 0.34782608695652173,
    "recall": 0.7272727272727273,
    "f1": 0.47058823529411764,
    "roc_auc": 0.6223776223776224,
    "avg_precision": 0.2743262587272802,
    "confusion_matrix": [
      [
        24,
        15
      ],
      [
        3,
        8
      ]
    ],
    "fpr": [
      0.0,
      0.02564102564102564,
      0.23076923076923078,
      0.23076923076923078,
      0.2564102564102564,
      0.2564102564102564,
      0.3076923076923077,
      0.3076923076923077,
      0.3333333333333333,
      0.3333333333333333,
      0.358974358974359,
      0.358974358974359,
      0.46153846153846156,
      0.46153846153846156,
      0.6153846153846154,
      0.6153846153846154,
      0.7692307692307693,
      0.7692307692307693,
      1.0
    ],
    "tpr": [
      0.0,
      0.0,
      0.0,
      0.18181818181818182,
      0.18181818181818182,
      0.36363636363636365,
      0.36363636363636365,
      0.45454545454545453,
      0.45454545454545453,
      0.6363636363636364,
      0.6363636363636364,
      0.7272727272727273,
      0.7272727272727273,
      0.8181818181818182,
      0.8181818181818182,
      0.9090909090909091,
      0.9090909090909091,
      1.0,
      1.0
    ],
    "pr_precision": [
      0.22,
      0.22448979591836735,
      0.22916666666666666,
      0.23404255319148937,
      0.2391304347826087,
      0.24444444444444444,
      0.25,
      0.2558139534883721,
      0.2619047619047619,
      0.2682926829268293,
      0.25,
      0.2564102564102564,
      0.2631578947368421,
      0.2702702702702703,
      0.2777777777777778,
      0.2857142857142857,
      0.29411764705882354,
      0.2727272727272727,
      0.28125,
      0.2903225806451613,
      0.3,
      0.3103448275862069,
      0.32142857142857145,
      0.3333333333333333,
      0.3076923076923077,
      0.32,
      0.3333333333333333,
      0.34782608695652173,
      0.36363636363636365,
      0.3333333333333333,
      0.35,
      0.3157894736842105,
      0.2777777777777778,
      0.29411764705882354,
      0.25,
      0.26666666666666666,
      0.2857142857142857,
      0.23076923076923078,
      0.16666666666666666,
      0.18181818181818182,
      0.1,
      0.0,
      0.0,
      0.0,
      0.0,
      0.0,
      0.0,
      0.0,
      0.0,
      0.0,
      1.0
    ],
    "pr_recall": [
      1.0,
      1.0,
      1.0,
      1.0,
      1.0,
      1.0,
      1.0,
      1.0,
      1.0,
      1.0,
      0.9090909090909091,
      0.9090909090909091,
      0.9090909090909091,
      0.9090909090909091,
      0.9090909090909091,
      0.9090909090909091,
      0.9090909090909091,
      0.8181818181818182,
      0.8181818181818182,
      0.8181818181818182,
      0.8181818181818182,
      0.8181818181818182,
      0.8181818181818182,
      0.8181818181818182,
      0.7272727272727273,
      0.7272727272727273,
      0.7272727272727273,
      0.7272727272727273,
      0.7272727272727273,
      0.6363636363636364,
      0.6363636363636364,
      0.5454545454545454,
      0.45454545454545453,
      0.45454545454545453,
      0.36363636363636365,
      0.36363636363636365,
      0.36363636363636365,
      0.2727272727272727,
      0.18181818181818182,
      0.18181818181818182,
      0.09090909090909091,
      0.0,
      0.0,
      0.0,
      0.0,
      0.0,
      0.0,
      0.0,
      0.0,
      0.0,
      0.0
    ],
    "accuracy_ci": [
      0.5,
      0.7604999999999995
    ],
    "precision_ci": [
      0.15384615384615385,
      0.5714285714285714
    ],
    "recall_ci": [
      0.4444444444444444,
      1.0
    ],
    "f1_ci": [
      0.24236363636363636,
      0.6666666666666666
    ]
  },
  "Random Forest": {
    "accuracy": 0.78,
    "precision": 0.5,
    "recall": 0.09090909090909091,
    "f1": 0.15384615384615385,
    "roc_auc": 0.6293706293706294,
    "avg_precision": 0.329595072253175,
    "confusion_matrix": [
      [
        38,
        1
      ],
      [
        10,
        1
      ]
    ],
    "fpr": [
      0.0,
      0.02564102564102564,
      0.02564102564102564,
      0.05128205128205128,
      0.05128205128205128,
      0.2564102564102564,
      0.2564102564102564,
      0.28205128205128205,
      0.28205128205128205,
      0.41025641025641024,
      0.41025641025641024,
      0.4358974358974359,
      0.4358974358974359,
      0.5128205128205128,
      0.5128205128205128,
      1.0,
      1.0
    ],
    "tpr": [
      0.0,
      0.0,
      0.09090909090909091,
      0.09090909090909091,
      0.18181818181818182,
      0.18181818181818182,
      0.36363636363636365,
      0.36363636363636365,
      0.45454545454545453,
      0.45454545454545453,
      0.6363636363636364,
      0.6363636363636364,
      0.8181818181818182,
      0.8181818181818182,
      0.9090909090909091,
      0.9090909090909091,
      1.0
    ],
    "pr_precision": [
      0.22,
      0.20408163265306123,
      0.20833333333333334,
      0.2127659574468085,
      0.21739130434782608,
      0.2222222222222222,
      0.22727272727272727,
      0.23255813953488372,
      0.23809523809523808,
      0.24390243902439024,
      0.25,
      0.2564102564102564,
      0.2631578947368421,
      0.2702702702702703,
      0.2777777777777778,
      0.2857142857142857,
      0.29411764705882354,
      0.30303030303030304,
      0.3125,
      0.3225806451612903,
      0.3333333333333333,
      0.3103448275862069,
      0.32142857142857145,
      0.3333333333333333,
      0.34615384615384615,
      0.32,
      0.2916666666666667,
      0.30434782608695654,
      0.2727272727272727,
      0.23809523809523808,
      0.25,
      0.2631578947368421,
      0.2777777777777778,
      0.29411764705882354,
      0.3125,
      0.26666666666666666,
      0.2857142857142857,
      0.23076923076923078,
      0.16666666666666666,
      0.18181818181818182,
      0.2,
      0.2222222222222222,
      0.25,
      0.2857142857142857,
      0.3333333333333333,
      0.4,
      0.5,
      0.3333333333333333,
      0.5,
      0.0,
      1.0
    ],