{"accuracy": [0.6262626051902771, 0.6414141654968262, 0.6868686676025391, 0.6666666865348816, 0.6818181872367859, 0.5808081030845642, 0.6414141654968262, 0.6262626051902771, 0.6717171669006348, 0.6414141654968262, 0.6414141654968262, 0.6161616444587708, 0.6464646458625793, 0.7121211886405945, 0.6616161465644836, 0.631313145160675, 0.6868686676025391, 0.6818181872367859, 0.691919207572937, 0.6717171669006348, 0.7070707082748413, 0.7070707082748413, 0.7020202279090881, 0.8131313323974609, 0.7676767706871033, 0.7323232293128967, 0.7777777910232544, 0.747474730014801, 0.7272727489471436, 0.7323232293128967, 0.747474730014801, 0.747474730014801, 0.7676767706871033, 0.7626262903213501, 0.7676767706871033, 0.747474730014801, 0.7626262903213501, 0.7878788113594055, 0.8282828330993652, 0.7979797720909119, 0.7828282713890076, 0.8181818127632141, 0.7929292917251587, 0.8333333134651184, 0.7878788113594055, 0.8181818127632141, 0.7676767706871033, 0.7828282713890076, 0.752525269985199, 0.7777777910232544], "loss": [1.334943175315857, 1.237504243850708, 1.0673617124557495, 1.1066975593566895, 1.0757865905761719, 1.1371870040893555, 1.0579150915145874, 0.931966245174408, 0.9337705373764038, 0.9755104184150696, 0.9325740337371826, 0.990638792514801, 0.9183452129364014, 0.8407395482063293, 0.8712707757949829, 0.9305944442749023, 0.9185766577720642, 0.792705237865448, 0.9573699235916138, 0.8382577896118164, 0.8579433560371399, 0.91619873046875, 0.8702051043510437, 0.7346012592315674, 0.7108718156814575, 0.7391493320465088, 0.6573452353477478, 0.7703788876533508, 0.7688027620315552, 0.7327446937561035, 0.700340211391449, 0.7237786054611206, 0.8064573407173157, 0.6831322908401489, 0.7508366703987122, 0.7010776400566101, 0.6822981238365173, 0.7306517958641052, 0.6698223352432251, 0.680659294128418, 0.6384932398796082, 0.576511800289154, 0.6509081721305847, 0.5897887349128723, 0.6578232049942017, 0.6016812324523926, 0.6903026103973389, 0.6469394564628601, 0.6324528455734253, 0.6262553930282593], "val_accuracy": [0.46000000834465027, 0.5, 0.5199999809265137, 0.5400000214576721, 0.5600000023841858, 0.6200000047683716, 0.6200000047683716, 0.6200000047683716, 0.6200000047683716, 0.6200000047683716, 0.5799999833106995, 0.5799999833106995, 0.5799999833106995, 0.5400000214576721, 0.5400000214576721, 0.5799999833106995, 0.5799999833106995, 0.5600000023841858, 0.6200000047683716, 0.6399999856948853, 0.6600000262260437, 0.6200000047683716, 0.6600000262260437, 0.6600000262260437, 0.6600000262260437, 0.6600000262260437, 0.6800000071525574, 0.6800000071525574, 0.6800000071525574, 0.6800000071525574, 0.699999988079071, 0.699999988079071, 0.699999988079071, 0.699999988079071, 0.6600000262260437, 0.6800000071525574, 0.6800000071525574, 0.6800000071525574, 0.6600000262260437, 0.6600000262260437, 0.6600000262260437, 0.6600000262260437, 0.6600000262260437, 0.6600000262260437, 0.699999988079071, 0.6800000071525574, 0.6800000071525574, 0.6800000071525574, 0.6800000071525574, 0.6800000071525574], "val_loss": [0.7672737240791321, 0.7433809041976929, 0.722272515296936, 0.7182260751724243, 0.719733715057373, 0.725159764289856, 0.726420521736145, 0.7143388390541077, 0.7056334018707275, 0.6978569626808167, 0.6961221098899841, 0.6937519907951355, 0.6916607022285461, 0.6994381546974182, 0.7078494429588318, 0.7097312211990356, 0.7154709100723267, 0.7216395735740662, 0.724761962890625, 0.7149403095245361, 0.7043434381484985, 0.6953588724136353, 0.6876628398895264, 0.6775941252708435, 0.6650657653808594, 0.6596818566322327, 0.653694212436676, 0.6495423316955566, 0.647227942943573, 0.6526250243186951, 0.6545083522796631, 0.6657930016517639, 0.6768691539764404, 0.6752536296844482, 0.6856907606124878, 0.6788194179534912, 0.6671980023384094, 0.6589357256889343, 0.6711004376411438, 0.6779060363769531, 0.6788657903671265, 0.6830201745033264, 0.6817161440849304, 0.6799525618553162, 0.6881393194198608, 0.7042549848556519, 0.7163257002830505, 0.7242377996444702, 0.729255199432373, 0.7259335517883301]}